arm,group,actual_draws,actual_draw_fraction,expected_group_probability,within_group_ic_connector_view_priority
baseline,ATTIOT,497,0.05601893597835888,0.058823529411764705,1.5
baseline,ArduinoMega,518,0.058385933273219115,0.058823529411764705,1.5
baseline,DigitalDiscovery,544,0.061316501352569885,0.058823529411764705,1.5
baseline,HackRF,539,0.06075293056807935,0.058823529411764705,1.5
baseline,ML365,490,0.05522993688007214,0.058823529411764705,1.5
baseline,MicroZed,520,0.058611361587015326,0.058823529411764705,1.5
baseline,STK644,533,0.06007664562669071,0.058823529411764705,1.5
baseline,Spartan3,501,0.05646979260595131,0.058823529411764705,1.5
baseline,Spartan6Redux,520,0.058611361587015326,0.058823529411764705,1.5
baseline,SystemAce,508,0.05725879170423805,0.058823529411764705,1.5
baseline,ThingMagicM6e,554,0.06244364292155095,0.058823529411764705,1.5
baseline,UTL-103,510,0.057484220018034264,0.058823529411764705,1.5
baseline,Virtex5,509,0.05737150586113616,0.058823529411764705,1.5
baseline,XLVDSproSupply,560,0.06311992786293959,0.058823529411764705,1.5
baseline,ZTurn,508,0.05725879170423805,0.058823529411764705,1.5
baseline,Zedboard,558,0.06289449954914338,0.058823529411764705,1.5
baseline,Ztex,503,0.05669522091974752,0.058823529411764705,1.5
improved,ATTIOT,497,0.05601893597835888,0.058823529411764705,1.5
improved,ArduinoMega,518,0.058385933273219115,0.058823529411764705,1.5
improved,DigitalDiscovery,544,0.061316501352569885,0.058823529411764705,1.5
improved,HackRF,539,0.06075293056807935,0.058823529411764705,1.5
improved,ML365,490,0.05522993688007214,0.058823529411764705,1.5
improved,MicroZed,520,0.058611361587015326,0.058823529411764705,1.5
improved,STK644,533,0.06007664562669071,0.058823529411764705,1.5
improved,Spartan3,501,0.05646979260595131,0.058823529411764705,1.5
improved,Spartan6Redux,520,0.058611361587015326,0.058823529411764705,1.5
improved,SystemAce,508,0.05725879170423805,0.058823529411764705,1.5
improved,ThingMagicM6e,554,0.06244364292155095,0.058823529411764705,1.5
improved,UTL-103,510,0.057484220018034264,0.058823529411764705,1.5
improved,Virtex5,509,0.05737150586113616,0.058823529411764705,1.5
improved,XLVDSproSupply,560,0.06311992786293959,0.058823529411764705,1.5
improved,ZTurn,508,0.05725879170423805,0.058823529411764705,1.5
improved,Zedboard,558,0.06289449954914338,0.058823529411764705,1.5
improved,Ztex,503,0.05669522091974752,0.058823529411764705,1.5
